BEGIN TRANSACTION;
CREATE TABLE definitions (
			module TEXT NOT NULL,
			function TEXT NOT NULL DEFAULT '',
			arity INTEGER NOT NULL DEFAULT 0,
			kind TEXT NOT NULL,
			line INTEGER NOT NULL,
			file_path TEXT NOT NULL,
			delegate_to TEXT NOT NULL DEFAULT '',
			delegate_as TEXT NOT NULL DEFAULT '',
			params TEXT NOT NULL DEFAULT '',
			FOREIGN KEY (file_path) REFERENCES files(path) ON DELETE CASCADE
		);
INSERT INTO "definitions" VALUES('DiagnosticsSample','',0,'module',1,'/dexter-indexed-root/lib/diagnostics_sample.ex','','','');
INSERT INTO "definitions" VALUES('DiagnosticsSample','broken_factory',0,'def',2,'/dexter-indexed-root/lib/diagnostics_sample.ex','','','');
INSERT INTO "definitions" VALUES('DiagnosticsSample','broken_consumer',0,'def',6,'/dexter-indexed-root/lib/diagnostics_sample.ex','','','');
INSERT INTO "definitions" VALUES('TestRepo.IgnoredDir.IgnoredModule','',0,'module',1,'/dexter-indexed-root/lib/ignored_dir/ignored_module.ex','','','');
INSERT INTO "definitions" VALUES('TestRepo.IgnoredDir.IgnoredModule','create_ignored_user',0,'def',13,'/dexter-indexed-root/lib/ignored_dir/ignored_module.ex','','','');
INSERT INTO "definitions" VALUES('TestRepo.IgnoredDir.IgnoredModule','process_ignored_user',1,'def',20,'/dexter-indexed-root/lib/ignored_dir/ignored_module.ex','','','user');
INSERT INTO "definitions" VALUES('TestRepo.Examples','',0,'module',1,'/dexter-indexed-root/lib/examples.ex','','','');
INSERT INTO "definitions" VALUES('TestRepo.Examples.UserManagement','',0,'module',10,'/dexter-indexed-root/lib/examples.ex','','','');
INSERT INTO "definitions" VALUES('TestRepo.Examples.UserManagement','run_user_example',0,'def',14,'/dexter-indexed-root/lib/examples.ex','','','');
INSERT INTO "definitions" VALUES('TestRepo.Examples.UserManagement','manage_user_roles',0,'def',42,'/dexter-indexed-root/lib/examples.ex','','','');
INSERT INTO "definitions" VALUES('TestRepo.Examples.ShoppingExample','',0,'module',62,'/dexter-indexed-root/lib/examples.ex','','','');
INSERT INTO "definitions" VALUES('TestRepo.Examples.ShoppingExample','run_shopping_example',0,'def',66,'/dexter-indexed-root/lib/examples.ex','','','');
INSERT INTO "definitions" VALUES('TestRepo.Examples.ShoppingExample','item_filtering_example',0,'def',94,'/dexter-indexed-root/lib/examples.ex','','','');
INSERT INTO "definitions" VALUES('TestRepo.Examples.IntegrationExample','',0,'module',125,'/dexter-indexed-root/lib/examples.ex','','','');
INSERT INTO "definitions" VALUES('TestRepo.Examples.IntegrationExample','run_full_scenario',0,'def',129,'/dexter-indexed-root/lib/examples.ex','','','');
INSERT INTO "definitions" VALUES('TestRepo.Examples.IntegrationExample','error_handling_example',0,'def',175,'/dexter-indexed-root/lib/examples.ex','','','');
INSERT INTO "definitions" VALUES('TestRepo.Examples','run_all_examples',0,'def',201,'/dexter-indexed-root/lib/examples.ex','','','');
INSERT INTO "definitions" VALUES('TestRepo','',0,'module',1,'/dexter-indexed-root/lib/test_repo.ex','','','');
INSERT INTO "definitions" VALUES('TestRepo','hello',0,'def',15,'/dexter-indexed-root/lib/test_repo.ex','','','');
INSERT INTO "definitions" VALUES('TestRepo','add',2,'def',28,'/dexter-indexed-root/lib/test_repo.ex','','','a,b');
INSERT INTO "definitions" VALUES('TestRepo.Services','',0,'module',1,'/dexter-indexed-root/lib/services.ex','','','');
INSERT INTO "definitions" VALUES('TestRepo.Services.UserService','',0,'module',9,'/dexter-indexed-root/lib/services.ex','','','');
INSERT INTO "definitions" VALUES('TestRepo.Services.UserService','start_link',0,'def',17,'/dexter-indexed-root/lib/services.ex','','','');
INSERT INTO "definitions" VALUES('TestRepo.Services.UserService','start_link',1,'def',17,'/dexter-indexed-root/lib/services.ex','','','opts');
INSERT INTO "definitions" VALUES('TestRepo.Services.UserService','create_user',4,'def',24,'/dexter-indexed-root/lib/services.ex','','','pid,id,name,email');
INSERT INTO "definitions" VALUES('TestRepo.Services.UserService','create_user',5,'def',24,'/dexter-indexed-root/lib/services.ex','','','pid,id,name,email,roles');
INSERT INTO "definitions" VALUES('TestRepo.Services.UserService','get_user',2,'def',31,'/dexter-indexed-root/lib/services.ex','','','pid,id');
INSERT INTO "definitions" VALUES('TestRepo.Services.UserService','list_users',1,'def',38,'/dexter-indexed-root/lib/services.ex','','','pid');
INSERT INTO "definitions" VALUES('TestRepo.Services.UserService','delete_user',2,'def',45,'/dexter-indexed-root/lib/services.ex','','','pid,id');
INSERT INTO "definitions" VALUES('TestRepo.Services.UserService','init',1,'def',52,'/dexter-indexed-root/lib/services.ex','','','arg1');
INSERT INTO "definitions" VALUES('TestRepo.Services.UserService','handle_call',3,'def',57,'/dexter-indexed-root/lib/services.ex','','','arg1,_from,users');
INSERT INTO "definitions" VALUES('TestRepo.Services.UserService','handle_call',3,'def',68,'/dexter-indexed-root/lib/services.ex','','','arg1,_from,users');
INSERT INTO "definitions" VALUES('TestRepo.Services.UserService','handle_call',3,'def',76,'/dexter-indexed-root/lib/services.ex','','','arg1,_from,users');
INSERT INTO "definitions" VALUES('TestRepo.Services.UserService','handle_call',3,'def',82,'/dexter-indexed-root/lib/services.ex','','','arg1,_from,users');
INSERT INTO "definitions" VALUES('TestRepo.Services.ItemService','',0,'module',92,'/dexter-indexed-root/lib/services.ex','','','');
INSERT INTO "definitions" VALUES('TestRepo.Services.ItemService','start_link',0,'def',98,'/dexter-indexed-root/lib/services.ex','','','');
INSERT INTO "definitions" VALUES('TestRepo.Services.ItemService','start_link',1,'def',98,'/dexter-indexed-root/lib/services.ex','','','opts');
INSERT INTO "definitions" VALUES('TestRepo.Services.ItemService','create_item',5,'def',105,'/dexter-indexed-root/lib/services.ex','','','pid,id,name,price,category');
INSERT INTO "definitions" VALUES('TestRepo.Services.ItemService','get_item',2,'def',120,'/dexter-indexed-root/lib/services.ex','','','pid,id');
INSERT INTO "definitions" VALUES('TestRepo.Services.ItemService','list_items',1,'def',132,'/dexter-indexed-root/lib/services.ex','','','pid');
INSERT INTO "definitions" VALUES('TestRepo.Services.ItemService','list_items',2,'def',132,'/dexter-indexed-root/lib/services.ex','','','pid,category');
INSERT INTO "definitions" VALUES('TestRepo.Services.ItemService','delete_item',2,'def',146,'/dexter-indexed-root/lib/services.ex','','','pid,id');
INSERT INTO "definitions" VALUES('TestRepo.Services.OrderService','',0,'module',158,'/dexter-indexed-root/lib/services.ex','','','');
INSERT INTO "definitions" VALUES('TestRepo.Services.OrderService','create_order',2,'def',162,'/dexter-indexed-root/lib/services.ex','','','id,user');
INSERT INTO "definitions" VALUES('TestRepo.Services.OrderService','create_order',3,'def',162,'/dexter-indexed-root/lib/services.ex','','','id,user,items');
INSERT INTO "definitions" VALUES('TestRepo.Services.OrderService','add_item_to_order',2,'def',169,'/dexter-indexed-root/lib/services.ex','','','order,item');
INSERT INTO "definitions" VALUES('TestRepo.Services.OrderService','update_order_status',2,'def',176,'/dexter-indexed-root/lib/services.ex','','','order,status');
INSERT INTO "definitions" VALUES('TestRepo.Services.OrderService','process_order',1,'def',183,'/dexter-indexed-root/lib/services.ex','','','order');
INSERT INTO "definitions" VALUES('TestRepo.Services.OrderService','complete_order',1,'def',190,'/dexter-indexed-root/lib/services.ex','','','order');
INSERT INTO "definitions" VALUES('TestRepo.Services.OrderService','cancel_order',1,'def',197,'/dexter-indexed-root/lib/services.ex','','','order');
INSERT INTO "definitions" VALUES('TestRepo.Services','create_service_container',0,'def',205,'/dexter-indexed-root/lib/services.ex','','','');
INSERT INTO "definitions" VALUES('TestRepo.Services','serialize_model',1,'def',219,'/dexter-indexed-root/lib/services.ex','','','model');
INSERT INTO "definitions" VALUES('TestRepo.Services','sample_user_id',0,'def',230,'/dexter-indexed-root/lib/services.ex','','','');
INSERT INTO "definitions" VALUES('TestRepo.Services','sample_item_id',0,'def',235,'/dexter-indexed-root/lib/services.ex','','','');
INSERT INTO "definitions" VALUES('TestRepo.Services','setup_sample_data',1,'def',238,'/dexter-indexed-root/lib/services.ex','','','container');
INSERT INTO "definitions" VALUES('TestRepo.Utils','',0,'module',1,'/dexter-indexed-root/lib/utils.ex','','','');
INSERT INTO "definitions" VALUES('TestRepo.Utils','upcase',1,'def',15,'/dexter-indexed-root/lib/utils.ex','','','string');
INSERT INTO "definitions" VALUES('TestRepo.Utils','factorial',1,'def',28,'/dexter-indexed-root/lib/utils.ex','','','arg1');
INSERT INTO "definitions" VALUES('TestRepo.Utils','factorial',1,'def',29,'/dexter-indexed-root/lib/utils.ex','','','n');
INSERT INTO "definitions" VALUES('TestRepo.Utils','even?',1,'def',45,'/dexter-indexed-root/lib/utils.ex','','','n');
INSERT INTO "definitions" VALUES('TestRepo.MixProject','',0,'module',1,'/dexter-indexed-root/mix.exs','','','');
INSERT INTO "definitions" VALUES('TestRepo.MixProject','project',0,'def',4,'/dexter-indexed-root/mix.exs','','','');
INSERT INTO "definitions" VALUES('TestRepo.MixProject','application',0,'def',14,'/dexter-indexed-root/mix.exs','','','');
INSERT INTO "definitions" VALUES('TestRepo.MixProject','deps',0,'defp',20,'/dexter-indexed-root/mix.exs','','','');
INSERT INTO "definitions" VALUES('TestRepo.Scripts.BuildScript','',0,'module',1,'/dexter-indexed-root/scripts/build_script.ex','','','');
INSERT INTO "definitions" VALUES('TestRepo.Scripts.BuildScript','create_test_data',0,'def',12,'/dexter-indexed-root/scripts/build_script.ex','','','');
INSERT INTO "definitions" VALUES('TestRepo.Scripts.BuildScript','cleanup_users',0,'def',22,'/dexter-indexed-root/scripts/build_script.ex','','','');
INSERT INTO "definitions" VALUES('TestRepoTest','',0,'module',1,'/dexter-indexed-root/test/test_repo_test.exs','','','');
INSERT INTO "definitions" VALUES('TestRepo.ModelsTest','',0,'module',1,'/dexter-indexed-root/test/models_test.exs','','','');
INSERT INTO "definitions" VALUES('TestRepo.Models','',0,'module',1,'/dexter-indexed-root/lib/models.ex','','','');
INSERT INTO "definitions" VALUES('TestRepo.Models.Serializable','',0,'defprotocol',6,'/dexter-indexed-root/lib/models.ex','','','');
INSERT INTO "definitions" VALUES('TestRepo.Models.Serializable','to_map',1,'def',8,'/dexter-indexed-root/lib/models.ex','','','model');
INSERT INTO "definitions" VALUES('TestRepo.Models.User','',0,'module',11,'/dexter-indexed-root/lib/models.ex','','','');
INSERT INTO "definitions" VALUES('TestRepo.Models.User','t',0,'type',12,'/dexter-indexed-root/lib/models.ex','','','');
INSERT INTO "definitions" VALUES('TestRepo.Models.User','__struct__',0,'defstruct',19,'/dexter-indexed-root/lib/models.ex','','','');
INSERT INTO "definitions" VALUES('TestRepo.Models.User','new',3,'def',30,'/dexter-indexed-root/lib/models.ex','','','id,name,email');
INSERT INTO "definitions" VALUES('TestRepo.Models.User','new',4,'def',30,'/dexter-indexed-root/lib/models.ex','','','id,name,email,roles');
INSERT INTO "definitions" VALUES('TestRepo.Models.User','has_role?',2,'def',37,'/dexter-indexed-root/lib/models.ex','','','arg1,role');
INSERT INTO "definitions" VALUES('TestRepo.Models.User','add_role',2,'def',44,'/dexter-indexed-root/lib/models.ex','','','user,role');
INSERT INTO "definitions" VALUES('TestRepo.Models.Item','',0,'module',49,'/dexter-indexed-root/lib/models.ex','','','');
INSERT INTO "definitions" VALUES('TestRepo.Models.Item','t',0,'type',50,'/dexter-indexed-root/lib/models.ex','','','');
INSERT INTO "definitions" VALUES('TestRepo.Models.Item','__struct__',0,'defstruct',57,'/dexter-indexed-root/lib/models.ex','','','');
INSERT INTO "definitions" VALUES('TestRepo.Models.Item','new',4,'def',68,'/dexter-indexed-root/lib/models.ex','','','id,name,price,category');
INSERT INTO "definitions" VALUES('TestRepo.Models.Item','display_price',1,'def',75,'/dexter-indexed-root/lib/models.ex','','','arg1');
INSERT INTO "definitions" VALUES('TestRepo.Models.Item','in_category?',2,'def',82,'/dexter-indexed-root/lib/models.ex','','','arg1,target_category');
INSERT INTO "definitions" VALUES('TestRepo.Models.Order','',0,'module',87,'/dexter-indexed-root/lib/models.ex','','','');
INSERT INTO "definitions" VALUES('TestRepo.Models.Order','t',0,'type',90,'/dexter-indexed-root/lib/models.ex','','','');
INSERT INTO "definitions" VALUES('TestRepo.Models.Order','__struct__',0,'defstruct',98,'/dexter-indexed-root/lib/models.ex','','','');
INSERT INTO "definitions" VALUES('TestRepo.Models.Order','new',2,'def',103,'/dexter-indexed-root/lib/models.ex','','','id,user');
INSERT INTO "definitions" VALUES('TestRepo.Models.Order','new',3,'def',103,'/dexter-indexed-root/lib/models.ex','','','id,user,items');
INSERT INTO "definitions" VALUES('TestRepo.Models.Order','add_item',2,'def',111,'/dexter-indexed-root/lib/models.ex','','','order,item');
INSERT INTO "definitions" VALUES('TestRepo.Models.Order','update_status',2,'def',119,'/dexter-indexed-root/lib/models.ex','','','order,status');
INSERT INTO "definitions" VALUES('TestRepo.Models.Order','calculate_total',1,'defp',123,'/dexter-indexed-root/lib/models.ex','','','items');
INSERT INTO "definitions" VALUES('TestRepo.Models.Serializable','',0,'defimpl',129,'/dexter-indexed-root/lib/models.ex','','','');
INSERT INTO "definitions" VALUES('TestRepo.Models.Serializable','to_map',1,'def',130,'/dexter-indexed-root/lib/models.ex','','','arg1');
INSERT INTO "definitions" VALUES('TestRepo.Models.Serializable','',0,'defimpl',135,'/dexter-indexed-root/lib/models.ex','','','');
INSERT INTO "definitions" VALUES('TestRepo.Models.Serializable','to_map',1,'def',136,'/dexter-indexed-root/lib/models.ex','','','arg1');
INSERT INTO "definitions" VALUES('TestRepo.Models.Serializable','',0,'defimpl',141,'/dexter-indexed-root/lib/models.ex','','','');
INSERT INTO "definitions" VALUES('TestRepo.Models.Serializable','to_map',1,'def',142,'/dexter-indexed-root/lib/models.ex','','','arg1');
INSERT INTO "definitions" VALUES('TestRepo.Models','create_sample_user',0,'def',156,'/dexter-indexed-root/lib/models.ex','','','');
INSERT INTO "definitions" VALUES('TestRepo.Models','create_sample_item',0,'def',163,'/dexter-indexed-root/lib/models.ex','','','');
CREATE TABLE files (
			path TEXT PRIMARY KEY,
			mtime INTEGER NOT NULL
		);
INSERT INTO "files" VALUES('/dexter-indexed-root/lib/diagnostics_sample.ex',9223372036854775807);
INSERT INTO "files" VALUES('/dexter-indexed-root/lib/ignored_dir/ignored_module.ex',9223372036854775807);
INSERT INTO "files" VALUES('/dexter-indexed-root/lib/examples.ex',9223372036854775807);
INSERT INTO "files" VALUES('/dexter-indexed-root/lib/test_repo.ex',9223372036854775807);
INSERT INTO "files" VALUES('/dexter-indexed-root/lib/services.ex',9223372036854775807);
INSERT INTO "files" VALUES('/dexter-indexed-root/lib/utils.ex',9223372036854775807);
INSERT INTO "files" VALUES('/dexter-indexed-root/mix.exs',9223372036854775807);
INSERT INTO "files" VALUES('/dexter-indexed-root/scripts/build_script.ex',9223372036854775807);
INSERT INTO "files" VALUES('/dexter-indexed-root/test/test_repo_test.exs',9223372036854775807);
INSERT INTO "files" VALUES('/dexter-indexed-root/test/models_test.exs',9223372036854775807);
INSERT INTO "files" VALUES('/dexter-indexed-root/lib/models.ex',9223372036854775807);
CREATE TABLE metadata (
			key   TEXT PRIMARY KEY,
			value TEXT NOT NULL
		);
INSERT INTO "metadata" VALUES('index_version','11');
CREATE TABLE refs (
			module TEXT NOT NULL,
			function TEXT NOT NULL DEFAULT '',
			line INTEGER NOT NULL,
			file_path TEXT NOT NULL,
			kind TEXT NOT NULL DEFAULT 'call',
			FOREIGN KEY (file_path) REFERENCES files(path) ON DELETE CASCADE
		);
INSERT INTO "refs" VALUES('TestRepo.Models.User','',7,'/dexter-indexed-root/lib/ignored_dir/ignored_module.ex','alias');
INSERT INTO "refs" VALUES('TestRepo.Models.User','new',14,'/dexter-indexed-root/lib/ignored_dir/ignored_module.ex','call');
INSERT INTO "refs" VALUES('TestRepo.Models.User','add_role',21,'/dexter-indexed-root/lib/ignored_dir/ignored_module.ex','call');
INSERT INTO "refs" VALUES('TestRepo.Models.User','',7,'/dexter-indexed-root/lib/examples.ex','alias');
INSERT INTO "refs" VALUES('TestRepo.Models.Item','',7,'/dexter-indexed-root/lib/examples.ex','alias');
INSERT INTO "refs" VALUES('TestRepo.Services.UserService','',8,'/dexter-indexed-root/lib/examples.ex','alias');
INSERT INTO "refs" VALUES('TestRepo.Services.ItemService','',8,'/dexter-indexed-root/lib/examples.ex','alias');
INSERT INTO "refs" VALUES('TestRepo.Services.OrderService','',8,'/dexter-indexed-root/lib/examples.ex','alias');
INSERT INTO "refs" VALUES('TestRepo.Services.UserService','start_link',16,'/dexter-indexed-root/lib/examples.ex','call');
INSERT INTO "refs" VALUES('TestRepo.Services.UserService','create_user',19,'/dexter-indexed-root/lib/examples.ex','call');
INSERT INTO "refs" VALUES('TestRepo.Services.UserService','create_user',20,'/dexter-indexed-root/lib/examples.ex','call');
INSERT INTO "refs" VALUES('TestRepo.Services.UserService','get_user',23,'/dexter-indexed-root/lib/examples.ex','call');
INSERT INTO "refs" VALUES('TestRepo.Services.UserService','list_users',26,'/dexter-indexed-root/lib/examples.ex','call');
INSERT INTO "refs" VALUES('GenServer','stop',29,'/dexter-indexed-root/lib/examples.ex','call');
INSERT INTO "refs" VALUES('TestRepo.Models.User','new',43,'/dexter-indexed-root/lib/examples.ex','call');
INSERT INTO "refs" VALUES('TestRepo.Models.User','add_role',46,'/dexter-indexed-root/lib/examples.ex','call');
INSERT INTO "refs" VALUES('TestRepo.Models.User','add_role',47,'/dexter-indexed-root/lib/examples.ex','call');
INSERT INTO "refs" VALUES('TestRepo.Models.User','has_role?',50,'/dexter-indexed-root/lib/examples.ex','call');
INSERT INTO "refs" VALUES('TestRepo.Models.User','has_role?',51,'/dexter-indexed-root/lib/examples.ex','call');
INSERT INTO "refs" VALUES('TestRepo.Models.User','new',68,'/dexter-indexed-root/lib/examples.ex','call');
INSERT INTO "refs" VALUES('TestRepo.Models.Item','new',69,'/dexter-indexed-root/lib/examples.ex','call');
INSERT INTO "refs" VALUES('TestRepo.Models.Item','new',70,'/dexter-indexed-root/lib/examples.ex','call');
INSERT INTO "refs" VALUES('TestRepo.Services.OrderService','create_order',73,'/dexter-indexed-root/lib/examples.ex','call');
INSERT INTO "refs" VALUES('TestRepo.Services.OrderService','add_item_to_order',76,'/dexter-indexed-root/lib/examples.ex','call');
INSERT INTO "refs" VALUES('TestRepo.Services.OrderService','add_item_to_order',77,'/dexter-indexed-root/lib/examples.ex','call');
INSERT INTO "refs" VALUES('TestRepo.Services.OrderService','process_order',80,'/dexter-indexed-root/lib/examples.ex','call');
INSERT INTO "refs" VALUES('TestRepo.Services.OrderService','complete_order',81,'/dexter-indexed-root/lib/examples.ex','call');
INSERT INTO "refs" VALUES('TestRepo.Services.ItemService','start_link',96,'/dexter-indexed-root/lib/examples.ex','call');
INSERT INTO "refs" VALUES('TestRepo.Services.ItemService','create_item',99,'/dexter-indexed-root/lib/examples.ex','call');
INSERT INTO "refs" VALUES('TestRepo.Services.ItemService','create_item',100,'/dexter-indexed-root/lib/examples.ex','call');
INSERT INTO "refs" VALUES('TestRepo.Services.ItemService','create_item',101,'/dexter-indexed-root/lib/examples.ex','call');
INSERT INTO "refs" VALUES('TestRepo.Services.ItemService','create_item',102,'/dexter-indexed-root/lib/examples.ex','call');
INSERT INTO "refs" VALUES('TestRepo.Services.ItemService','list_items',105,'/dexter-indexed-root/lib/examples.ex','call');
INSERT INTO "refs" VALUES('TestRepo.Services.ItemService','list_items',108,'/dexter-indexed-root/lib/examples.ex','call');
INSERT INTO "refs" VALUES('TestRepo.Services.ItemService','list_items',109,'/dexter-indexed-root/lib/examples.ex','call');
INSERT INTO "refs" VALUES('Agent','stop',112,'/dexter-indexed-root/lib/examples.ex','call');
INSERT INTO "refs" VALUES('TestRepo.Services','create_service_container',131,'/dexter-indexed-root/lib/examples.ex','call');
INSERT INTO "refs" VALUES('TestRepo.Services','setup_sample_data',132,'/dexter-indexed-root/lib/examples.ex','call');
INSERT INTO "refs" VALUES('TestRepo.Services.UserService','get_user',135,'/dexter-indexed-root/lib/examples.ex','call');
INSERT INTO "refs" VALUES('TestRepo.Services','sample_user_id',135,'/dexter-indexed-root/lib/examples.ex','call');
INSERT INTO "refs" VALUES('TestRepo.Services.ItemService','get_item',136,'/dexter-indexed-root/lib/examples.ex','call');
INSERT INTO "refs" VALUES('TestRepo.Services','sample_item_id',136,'/dexter-indexed-root/lib/examples.ex','call');
INSERT INTO "refs" VALUES('TestRepo.Services.ItemService','create_item',139,'/dexter-indexed-root/lib/examples.ex','call');
INSERT INTO "refs" VALUES('TestRepo.Services.OrderService','create_order',148,'/dexter-indexed-root/lib/examples.ex','call');
INSERT INTO "refs" VALUES('TestRepo.Services.OrderService','add_item_to_order',149,'/dexter-indexed-root/lib/examples.ex','call');
INSERT INTO "refs" VALUES('TestRepo.Services.OrderService','process_order',152,'/dexter-indexed-root/lib/examples.ex','call');
INSERT INTO "refs" VALUES('TestRepo.Services.OrderService','complete_order',153,'/dexter-indexed-root/lib/examples.ex','call');
INSERT INTO "refs" VALUES('TestRepo.Services','serialize_model',156,'/dexter-indexed-root/lib/examples.ex','call');
INSERT INTO "refs" VALUES('TestRepo.Services','serialize_model',157,'/dexter-indexed-root/lib/examples.ex','call');
INSERT INTO "refs" VALUES('GenServer','stop',160,'/dexter-indexed-root/lib/examples.ex','call');
INSERT INTO "refs" VALUES('Agent','stop',161,'/dexter-indexed-root/lib/examples.ex','call');
INSERT INTO "refs" VALUES('TestRepo.Services.UserService','start_link',176,'/dexter-indexed-root/lib/examples.ex','call');
INSERT INTO "refs" VALUES('TestRepo.Services.UserService','create_user',179,'/dexter-indexed-root/lib/examples.ex','call');
INSERT INTO "refs" VALUES('TestRepo.Services.UserService','create_user',180,'/dexter-indexed-root/lib/examples.ex','call');
INSERT INTO "refs" VALUES('TestRepo.Services.UserService','get_user',183,'/dexter-indexed-root/lib/examples.ex','call');
INSERT INTO "refs" VALUES('TestRepo.Services.UserService','delete_user',186,'/dexter-indexed-root/lib/examples.ex','call');
INSERT INTO "refs" VALUES('GenServer','stop',188,'/dexter-indexed-root/lib/examples.ex','call');
INSERT INTO "refs" VALUES('UserManagement','run_user_example',203,'/dexter-indexed-root/lib/examples.ex','call');
INSERT INTO "refs" VALUES('UserManagement','manage_user_roles',204,'/dexter-indexed-root/lib/examples.ex','call');
INSERT INTO "refs" VALUES('ShoppingExample','run_shopping_example',205,'/dexter-indexed-root/lib/examples.ex','call');
INSERT INTO "refs" VALUES('ShoppingExample','item_filtering_example',206,'/dexter-indexed-root/lib/examples.ex','call');
INSERT INTO "refs" VALUES('IntegrationExample','run_full_scenario',207,'/dexter-indexed-root/lib/examples.ex','call');
INSERT INTO "refs" VALUES('IntegrationExample','error_handling_example',208,'/dexter-indexed-root/lib/examples.ex','call');
INSERT INTO "refs" VALUES('TestRepo.Models.User','',7,'/dexter-indexed-root/lib/services.ex','alias');
INSERT INTO "refs" VALUES('TestRepo.Models.Item','',7,'/dexter-indexed-root/lib/services.ex','alias');
INSERT INTO "refs" VALUES('TestRepo.Models.Order','',7,'/dexter-indexed-root/lib/services.ex','alias');
INSERT INTO "refs" VALUES('TestRepo.Models.Serializable','',7,'/dexter-indexed-root/lib/services.ex','alias');
INSERT INTO "refs" VALUES('GenServer','',10,'/dexter-indexed-root/lib/services.ex','use');
INSERT INTO "refs" VALUES('GenServer','start_link',18,'/dexter-indexed-root/lib/services.ex','call');
INSERT INTO "refs" VALUES('GenServer','call',25,'/dexter-indexed-root/lib/services.ex','call');
INSERT INTO "refs" VALUES('GenServer','call',32,'/dexter-indexed-root/lib/services.ex','call');
INSERT INTO "refs" VALUES('GenServer','call',39,'/dexter-indexed-root/lib/services.ex','call');
INSERT INTO "refs" VALUES('GenServer','call',46,'/dexter-indexed-root/lib/services.ex','call');
INSERT INTO "refs" VALUES('Map','has_key?',58,'/dexter-indexed-root/lib/services.ex','call');
INSERT INTO "refs" VALUES('TestRepo.Models.User','new',61,'/dexter-indexed-root/lib/services.ex','call');
INSERT INTO "refs" VALUES('Map','put',62,'/dexter-indexed-root/lib/services.ex','call');
INSERT INTO "refs" VALUES('Map','get',69,'/dexter-indexed-root/lib/services.ex','call');
INSERT INTO "refs" VALUES('Map','values',77,'/dexter-indexed-root/lib/services.ex','call');
INSERT INTO "refs" VALUES('Map','has_key?',83,'/dexter-indexed-root/lib/services.ex','call');
INSERT INTO "refs" VALUES('Map','delete',84,'/dexter-indexed-root/lib/services.ex','call');
INSERT INTO "refs" VALUES('Agent','',93,'/dexter-indexed-root/lib/services.ex','use');
INSERT INTO "refs" VALUES('Agent','start_link',99,'/dexter-indexed-root/lib/services.ex','call');
INSERT INTO "refs" VALUES('Agent','get_and_update',106,'/dexter-indexed-root/lib/services.ex','call');
INSERT INTO "refs" VALUES('Map','has_key?',107,'/dexter-indexed-root/lib/services.ex','call');
INSERT INTO "refs" VALUES('TestRepo.Models.Item','new',110,'/dexter-indexed-root/lib/services.ex','call');
INSERT INTO "refs" VALUES('Map','put',111,'/dexter-indexed-root/lib/services.ex','call');
INSERT INTO "refs" VALUES('Agent','get',121,'/dexter-indexed-root/lib/services.ex','call');
INSERT INTO "refs" VALUES('Map','get',122,'/dexter-indexed-root/lib/services.ex','call');
INSERT INTO "refs" VALUES('Agent','get',133,'/dexter-indexed-root/lib/services.ex','call');
INSERT INTO "refs" VALUES('Map','values',134,'/dexter-indexed-root/lib/services.ex','call');
INSERT INTO "refs" VALUES('Enum','filter',138,'/dexter-indexed-root/lib/services.ex','call');
INSERT INTO "refs" VALUES('TestRepo.Models.Item','in_category?',138,'/dexter-indexed-root/lib/services.ex','call');
INSERT INTO "refs" VALUES('Agent','get_and_update',147,'/dexter-indexed-root/lib/services.ex','call');
INSERT INTO "refs" VALUES('Map','has_key?',148,'/dexter-indexed-root/lib/services.ex','call');
INSERT INTO "refs" VALUES('Map','delete',149,'/dexter-indexed-root/lib/services.ex','call');
INSERT INTO "refs" VALUES('TestRepo.Models.Order','new',163,'/dexter-indexed-root/lib/services.ex','call');
INSERT INTO "refs" VALUES('TestRepo.Models.Order','add_item',170,'/dexter-indexed-root/lib/services.ex','call');
INSERT INTO "refs" VALUES('TestRepo.Models.Order','update_status',177,'/dexter-indexed-root/lib/services.ex','call');
INSERT INTO "refs" VALUES('UserService','start_link',206,'/dexter-indexed-root/lib/services.ex','call');
INSERT INTO "refs" VALUES('ItemService','start_link',207,'/dexter-indexed-root/lib/services.ex','call');
INSERT INTO "refs" VALUES('OrderService','',212,'/dexter-indexed-root/lib/services.ex','call');
INSERT INTO "refs" VALUES('TestRepo.Models.Serializable','to_map',220,'/dexter-indexed-root/lib/services.ex','call');
INSERT INTO "refs" VALUES('UserService','create_user',240,'/dexter-indexed-root/lib/services.ex','call');
INSERT INTO "refs" VALUES('ItemService','create_item',249,'/dexter-indexed-root/lib/services.ex','call');
INSERT INTO "refs" VALUES('String','upcase',16,'/dexter-indexed-root/lib/utils.ex','call');
INSERT INTO "refs" VALUES('Mix.Project','',2,'/dexter-indexed-root/mix.exs','use');
INSERT INTO "refs" VALUES('Mix','env',9,'/dexter-indexed-root/mix.exs','call');
INSERT INTO "refs" VALUES('TestRepo.Models.User','',7,'/dexter-indexed-root/scripts/build_script.ex','alias');
INSERT INTO "refs" VALUES('TestRepo.Models.Item','',7,'/dexter-indexed-root/scripts/build_script.ex','alias');
INSERT INTO "refs" VALUES('TestRepo.Models.User','new',13,'/dexter-indexed-root/scripts/build_script.ex','call');
INSERT INTO "refs" VALUES('TestRepo.Models.Item','new',14,'/dexter-indexed-root/scripts/build_script.ex','call');
INSERT INTO "refs" VALUES('IO','puts',24,'/dexter-indexed-root/scripts/build_script.ex','call');
INSERT INTO "refs" VALUES('ExUnit.Case','',2,'/dexter-indexed-root/test/test_repo_test.exs','use');
INSERT INTO "refs" VALUES('TestRepo','',3,'/dexter-indexed-root/test/test_repo_test.exs','call');
INSERT INTO "refs" VALUES('ExUnit.Case','test',5,'/dexter-indexed-root/test/test_repo_test.exs','call');
INSERT INTO "refs" VALUES('TestRepo','hello',6,'/dexter-indexed-root/test/test_repo_test.exs','call');
INSERT INTO "refs" VALUES('ExUnit.Case','test',9,'/dexter-indexed-root/test/test_repo_test.exs','call');
INSERT INTO "refs" VALUES('TestRepo','add',10,'/dexter-indexed-root/test/test_repo_test.exs','call');
INSERT INTO "refs" VALUES('TestRepo','add',11,'/dexter-indexed-root/test/test_repo_test.exs','call');
INSERT INTO "refs" VALUES('TestRepo','add',12,'/dexter-indexed-root/test/test_repo_test.exs','call');
INSERT INTO "refs" VALUES('ExUnit.Case','',2,'/dexter-indexed-root/test/models_test.exs','use');
INSERT INTO "refs" VALUES('TestRepo.Models','',3,'/dexter-indexed-root/test/models_test.exs','call');
INSERT INTO "refs" VALUES('TestRepo.Models.User','',5,'/dexter-indexed-root/test/models_test.exs','alias');
INSERT INTO "refs" VALUES('TestRepo.Models.Item','',5,'/dexter-indexed-root/test/models_test.exs','alias');
INSERT INTO "refs" VALUES('TestRepo.Models.Order','',5,'/dexter-indexed-root/test/models_test.exs','alias');
INSERT INTO "refs" VALUES('TestRepo.Models.Serializable','',5,'/dexter-indexed-root/test/models_test.exs','alias');
INSERT INTO "refs" VALUES('ExUnit.Case','describe',7,'/dexter-indexed-root/test/models_test.exs','call');
INSERT INTO "refs" VALUES('ExUnit.Case','test',8,'/dexter-indexed-root/test/models_test.exs','call');
INSERT INTO "refs" VALUES('TestRepo.Models.User','new',9,'/dexter-indexed-root/test/models_test.exs','call');
INSERT INTO "refs" VALUES('ExUnit.Case','test',17,'/dexter-indexed-root/test/models_test.exs','call');
INSERT INTO "refs" VALUES('TestRepo.Models.User','new',18,'/dexter-indexed-root/test/models_test.exs','call');
INSERT INTO "refs" VALUES('ExUnit.Case','test',23,'/dexter-indexed-root/test/models_test.exs','call');
INSERT INTO "refs" VALUES('TestRepo.Models.User','new',24,'/dexter-indexed-root/test/models_test.exs','call');
INSERT INTO "refs" VALUES('TestRepo.Models.User','has_role?',26,'/dexter-indexed-root/test/models_test.exs','call');
INSERT INTO "refs" VALUES('TestRepo.Models.User','has_role?',27,'/dexter-indexed-root/test/models_test.exs','call');
INSERT INTO "refs" VALUES('ExUnit.Case','test',30,'/dexter-indexed-root/test/models_test.exs','call');
INSERT INTO "refs" VALUES('TestRepo.Models.User','new',31,'/dexter-indexed-root/test/models_test.exs','call');
INSERT INTO "refs" VALUES('TestRepo.Models.User','add_role',32,'/dexter-indexed-root/test/models_test.exs','call');
INSERT INTO "refs" VALUES('TestRepo.Models.User','has_role?',34,'/dexter-indexed-root/test/models_test.exs','call');
INSERT INTO "refs" VALUES('ExUnit.Case','describe',39,'/dexter-indexed-root/test/models_test.exs','call');
INSERT INTO "refs" VALUES('ExUnit.Case','test',40,'/dexter-indexed-root/test/models_test.exs','call');
INSERT INTO "refs" VALUES('TestRepo.Models.Item','new',41,'/dexter-indexed-root/test/models_test.exs','call');
INSERT INTO "refs" VALUES('ExUnit.Case','test',49,'/dexter-indexed-root/test/models_test.exs','call');
INSERT INTO "refs" VALUES('TestRepo.Models.Item','new',50,'/dexter-indexed-root/test/models_test.exs','call');
INSERT INTO "refs" VALUES('TestRepo.Models.Item','display_price',52,'/dexter-indexed-root/test/models_test.exs','call');
INSERT INTO "refs" VALUES('ExUnit.Case','test',55,'/dexter-indexed-root/test/models_test.exs','call');
INSERT INTO "refs" VALUES('TestRepo.Models.Item','new',56,'/dexter-indexed-root/test/models_test.exs','call');
INSERT INTO "refs" VALUES('TestRepo.Models.Item','in_category?',58,'/dexter-indexed-root/test/models_test.exs','call');
INSERT INTO "refs" VALUES('TestRepo.Models.Item','in_category?',59,'/dexter-indexed-root/test/models_test.exs','call');
INSERT INTO "refs" VALUES('ExUnit.Case','describe',63,'/dexter-indexed-root/test/models_test.exs','call');
INSERT INTO "refs" VALUES('ExUnit.Case','setup',64,'/dexter-indexed-root/test/models_test.exs','call');
INSERT INTO "refs" VALUES('TestRepo.Models.User','new',65,'/dexter-indexed-root/test/models_test.exs','call');
INSERT INTO "refs" VALUES('TestRepo.Models.Item','new',66,'/dexter-indexed-root/test/models_test.exs','call');
INSERT INTO "refs" VALUES('TestRepo.Models.Item','new',67,'/dexter-indexed-root/test/models_test.exs','call');
INSERT INTO "refs" VALUES('ExUnit.Case','test',72,'/dexter-indexed-root/test/models_test.exs','call');
INSERT INTO "refs" VALUES('TestRepo.Models.Order','new',73,'/dexter-indexed-root/test/models_test.exs','call');
INSERT INTO "refs" VALUES('ExUnit.Case','test',82,'/dexter-indexed-root/test/models_test.exs','call');
INSERT INTO "refs" VALUES('TestRepo.Models.Order','new',83,'/dexter-indexed-root/test/models_test.exs','call');
INSERT INTO "refs" VALUES('ExUnit.Case','test',89,'/dexter-indexed-root/test/models_test.exs','call');
INSERT INTO "refs" VALUES('TestRepo.Models.Order','new',90,'/dexter-indexed-root/test/models_test.exs','call');
INSERT INTO "refs" VALUES('TestRepo.Models.Order','add_item',91,'/dexter-indexed-root/test/models_test.exs','call');
INSERT INTO "refs" VALUES('ExUnit.Case','test',97,'/dexter-indexed-root/test/models_test.exs','call');
INSERT INTO "refs" VALUES('TestRepo.Models.Order','new',98,'/dexter-indexed-root/test/models_test.exs','call');
INSERT INTO "refs" VALUES('TestRepo.Models.Order','update_status',99,'/dexter-indexed-root/test/models_test.exs','call');
INSERT INTO "refs" VALUES('ExUnit.Case','describe',105,'/dexter-indexed-root/test/models_test.exs','call');
INSERT INTO "refs" VALUES('ExUnit.Case','test',106,'/dexter-indexed-root/test/models_test.exs','call');
INSERT INTO "refs" VALUES('TestRepo.Models.User','new',107,'/dexter-indexed-root/test/models_test.exs','call');
INSERT INTO "refs" VALUES('TestRepo.Models.Serializable','to_map',108,'/dexter-indexed-root/test/models_test.exs','call');
INSERT INTO "refs" VALUES('ExUnit.Case','test',120,'/dexter-indexed-root/test/models_test.exs','call');
INSERT INTO "refs" VALUES('TestRepo.Models.Item','new',121,'/dexter-indexed-root/test/models_test.exs','call');
INSERT INTO "refs" VALUES('TestRepo.Models.Serializable','to_map',122,'/dexter-indexed-root/test/models_test.exs','call');
INSERT INTO "refs" VALUES('ExUnit.Case','test',134,'/dexter-indexed-root/test/models_test.exs','call');
INSERT INTO "refs" VALUES('TestRepo.Models.User','new',135,'/dexter-indexed-root/test/models_test.exs','call');
INSERT INTO "refs" VALUES('TestRepo.Models.Item','new',136,'/dexter-indexed-root/test/models_test.exs','call');
INSERT INTO "refs" VALUES('TestRepo.Models.Order','new',137,'/dexter-indexed-root/test/models_test.exs','call');
INSERT INTO "refs" VALUES('TestRepo.Models.Serializable','to_map',139,'/dexter-indexed-root/test/models_test.exs','call');
INSERT INTO "refs" VALUES('ExUnit.Case','describe',150,'/dexter-indexed-root/test/models_test.exs','call');
INSERT INTO "refs" VALUES('ExUnit.Case','test',151,'/dexter-indexed-root/test/models_test.exs','call');
INSERT INTO "refs" VALUES('TestRepo.Models','create_sample_user',152,'/dexter-indexed-root/test/models_test.exs','call');
INSERT INTO "refs" VALUES('ExUnit.Case','test',160,'/dexter-indexed-root/test/models_test.exs','call');
INSERT INTO "refs" VALUES('TestRepo.Models','create_sample_item',161,'/dexter-indexed-root/test/models_test.exs','call');
INSERT INTO "refs" VALUES('String','t',13,'/dexter-indexed-root/lib/models.ex','call');
INSERT INTO "refs" VALUES('String','t',14,'/dexter-indexed-root/lib/models.ex','call');
INSERT INTO "refs" VALUES('String','t',15,'/dexter-indexed-root/lib/models.ex','call');
INSERT INTO "refs" VALUES('String','t',16,'/dexter-indexed-root/lib/models.ex','call');
INSERT INTO "refs" VALUES('String','t',51,'/dexter-indexed-root/lib/models.ex','call');
INSERT INTO "refs" VALUES('String','t',52,'/dexter-indexed-root/lib/models.ex','call');
INSERT INTO "refs" VALUES('String','t',54,'/dexter-indexed-root/lib/models.ex','call');
INSERT INTO "refs" VALUES('TestRepo.Models.User','',88,'/dexter-indexed-root/lib/models.ex','alias');
INSERT INTO "refs" VALUES('TestRepo.Models.Item','',88,'/dexter-indexed-root/lib/models.ex','alias');
INSERT INTO "refs" VALUES('String','t',91,'/dexter-indexed-root/lib/models.ex','call');
INSERT INTO "refs" VALUES('TestRepo.Models.User','t',92,'/dexter-indexed-root/lib/models.ex','call');
INSERT INTO "refs" VALUES('TestRepo.Models.Item','t',93,'/dexter-indexed-root/lib/models.ex','call');
INSERT INTO "refs" VALUES('Enum','reduce',124,'/dexter-indexed-root/lib/models.ex','call');
INSERT INTO "refs" VALUES('User','',130,'/dexter-indexed-root/lib/models.ex','call');
INSERT INTO "refs" VALUES('Item','',136,'/dexter-indexed-root/lib/models.ex','call');
INSERT INTO "refs" VALUES('Order','',142,'/dexter-indexed-root/lib/models.ex','call');
INSERT INTO "refs" VALUES('Serializable','to_map',145,'/dexter-indexed-root/lib/models.ex','call');
INSERT INTO "refs" VALUES('Enum','map',146,'/dexter-indexed-root/lib/models.ex','call');
INSERT INTO "refs" VALUES('Serializable','to_map',146,'/dexter-indexed-root/lib/models.ex','call');
INSERT INTO "refs" VALUES('User','new',157,'/dexter-indexed-root/lib/models.ex','call');
INSERT INTO "refs" VALUES('Item','new',164,'/dexter-indexed-root/lib/models.ex','call');
CREATE INDEX idx_definitions_module_function ON definitions(module, function);
CREATE INDEX idx_definitions_file_path_line ON definitions(file_path, line);
CREATE INDEX idx_refs_module_function ON refs(module, function);
CREATE INDEX idx_refs_file_path ON refs(file_path);
CREATE INDEX idx_refs_function_kind ON refs(function, kind);
CREATE INDEX idx_definitions_delegate_to ON definitions(delegate_to);
COMMIT;
